ulb_ratio,supervised_acc,ssl_acc
0.0,0.7865572088250384,0.7867282367025825
0.7,0.7687703095604583,0.7579955532751839
0.75,0.7347357619291944,0.7304600649905935
0.8,0.7148965281340859,0.7345647340516505
0.85,0.7407217376432359,0.7444843509492047
0.9,0.7403796818881477,0.7077133572772362
0.95,0.6658115272789464,0.6319480075252266
