ulb_ratio,supervised_acc,ssl_acc
0.0,0.7983558773994446,0.823017418384552
0.7,0.6847195625305176,0.7142166495323181
0.75,0.7035783529281616,0.6721469759941101
0.8,0.7113152742385864,0.6571566462516785
0.85,0.563829779624939,0.6566731333732605
0.9,0.5241779685020447,0.6455512642860413
0.95,0.33800774812698364,0.6068665385246277
